zip,lat,lng
27526,35.544010, -78.829824
27529,35.655625, -78.584906
27560,35.857892, -78.827698
27610,35.744400, -78.546278
27614,35.945927, -78.619492
27616,35.866734, -78.541216
27617,35.907875, -78.772960

